Model,Training Accuracy,Testing Accuracy,Accuracy,Precision,Recall,F1-Score,Overfitting Gap
Decision Tree,0.875,0.8333333333333334,0.8333333333333334,0.8571428571428571,0.35294117647058826,0.5,0.04166666666666663
