Model,Accuracy,Precision,Recall,F1-score
Logistic Regression,0.7368421052631579,0.6551724137931034,0.6551724137931034,0.6551724137931034
SVM,0.6710526315789473,0.5714285714285714,0.5517241379310345,0.5614035087719298
